category,mean,ci_lower,ci_upper,ci_width
Western,5.551186135358267,5.413342366285809,5.687301414910226,0.273959048624417
Eastern,5.566046612521189,5.408457579849529,5.728890535500283,0.32043295565075436
