group,mean,ci_lower,ci_upper
eastern,5.541215803353734,5.344451895805344,5.72465829601433
western,5.551186135358267,5.416456099046672,5.685423124985214
