group,mean,ci_lower,ci_upper
eastern,5.566046612521189,5.409042833296645,5.7294354341515366
western,5.551186135358267,5.416456099046672,5.685423124985214
