category,mean,ci_lower,ci_upper,ci_width
western,5.551186135358267,5.415396797601305,5.686187984647411,0.2707911870461057
eastern,5.566046612521189,5.409187823664095,5.7283143444126505,0.3191265207485552
