category,mean,ci_lower,ci_upper,ci_width
western,5.541766005291006,5.4071811733405495,5.676678018578644,0.2694968452380948
eastern,5.557046612521189,5.400282762247169,5.7232040000489155,0.3229212378017463
