category,mean,ci_lower,ci_upper,ci_width
western,5.541766005291006,5.407897129629629,5.676348162878789,0.26845103324915964
eastern,5.528376722893965,5.321679916156641,5.713118467930536,0.39143855177389497
