coverage_threshold,n_east,n_west,east_mean,west_mean,mean_diff_east_minus_west,ci_lower,ci_upper,pr_east_gt_west
0.0,59,61,5.566046612521189,5.551186135358267,0.014860477162922159,-0.191971081091194,0.22853210674933735,0.5631
0.3,55,59,5.571940911613639,5.5637687162178695,0.008172195395769855,-0.20668933037729145,0.22663338401069655,0.5329
0.5,49,56,5.611464288545921,5.583684897443826,0.027779391102095374,-0.19348113910253634,0.25760281022124215,0.5911
