category,count,mean,median,std,min,max,q1,q3,iqr
Western,61,5.551186135358267,5.511111111111111,0.5425880735484123,3.83,6.86,5.213333333333334,5.91,0.6966666666666663
Eastern,59,5.566046612521189,5.513333333333333,0.6311211345716817,3.82,7.92,5.186666666666667,5.895,0.7083333333333321
