category,count,mean,median,std,min,max,q1,q3,iqr
western,60,5.541766005291006,5.492698412698413,0.5359799345038262,3.83,6.86,5.222083333333334,5.8815,0.6594166666666661
eastern,59,5.557046612521189,5.513333333333333,0.6369003366657594,3.82,7.92,5.186666666666667,5.895,0.7083333333333321
