test,statistic,p_value,significant
t-test,-0.13811101624766883,0.8903959810801854,False
Mann-Whitney U,1791.5,0.9685945914639071,False
Cohen's d,-0.02528267564917017,,
