test,statistic,p_value,significant_at_0.05
t-test,-0.14149197474490344,0.8877331859355777,False
Mann-Whitney U,1763.5,0.974559426451409,False
Cohen's d,-0.02596062537023677,,
