test,statistic,p_value,significant_at_0.05
t-test,0.10909839716673905,0.9135247475803976,False
Mann-Whitney U,842.5,0.8131520605482279,False
Cohen's d,0.02475217309557546,,
