metric,value
total_artworks,100.0
scored_artworks,90.0
mean_happiness,5.547973472823473
median_happiness,5.511555555555555
mean_coverage,0.6372383705475811
eastern_mean,5.541215803353734
western_mean,5.551186135358267
