metric,value
total_artworks,133.0
scored_artworks,120.0
mean_happiness,5.5584925366300375
median_happiness,5.512363636363636
mean_coverage,0.6289475754206661
eastern_mean,5.566046612521189
western_mean,5.551186135358267
