category,total_artworks,scored_artworks,mean_coverage,median_coverage,no_match_count,scoring_rate,no_match_rate
eastern,33,29,0.5803853067010961,0.6666666666666666,4,0.8787878787878788,0.12121212121212122
western,67,61,0.6652406258749543,0.7142857142857143,6,0.9104477611940298,0.08955223880597014
